{
  "seed": 2606,
  "shape": {
    "tiles": 2,
    "cores": 4,
    "rows": 8,
    "cols": 8,
    "pr": 8,
    "bw": 8
  },
  "ranges": {
    "q_limit": 12,
    "k_limit": 10,
    "v_limit": 11
  },
  "distribution": {
    "q_zero_prob": 0.1,
    "k_zero_prob": 0.1,
    "v_zero_prob": 0.1,
    "low_row_prob": 0.35
  },
  "b1": {
    "target_percentile": 70.0,
    "threshold_fp_per_tile_core": [
      [
        76.0999984741211,
        65.49999237060547,
        35.099998474121094,
        74.29999542236328
      ],
      [
        39.099998474121094,
        59.099998474121094,
        98.29998016357422,
        57.0
      ]
    ],
    "threshold_int_per_tile_core": [
      [
        77,
        66,
        36,
        75
      ],
      [
        40,
        60,
        99,
        57
      ]
    ],
    "actual_keep_ratio": 0.298828125,
    "actual_skip_ratio": 0.701171875,
    "per_tile_core_keep_ratio": [
      [
        0.296875,
        0.296875,
        0.296875,
        0.296875
      ],
      [
        0.296875,
        0.296875,
        0.296875,
        0.3125
      ]
    ]
  },
  "b2_only": {
    "target_percentile": 30.0,
    "threshold_fp_per_tile_core": [
      [
        361.20001220703125,
        334.6000061035156,
        183.10000610351562,
        360.0
      ],
      [
        205.1999969482422,
        263.6000061035156,
        503.60003662109375,
        296.79998779296875
      ]
    ],
    "threshold_int_per_tile_core": [
      [
        362,
        335,
        184,
        360
      ],
      [
        206,
        264,
        504,
        297
      ]
    ],
    "actual_keep_ratio": 0.625,
    "actual_skip_ratio": 0.375,
    "per_tile_core_keep_ratio": [
      [
        0.625,
        0.625,
        0.625,
        0.625
      ],
      [
        0.625,
        0.625,
        0.625,
        0.625
      ]
    ]
  },
  "b2": {
    "target_percentile": 30.0,
    "threshold_fp_per_tile_core": [
      [
        174.8000030517578,
        18.700027465820312,
        90.20000457763672,
        165.8000030517578
      ],
      [
        91.5999984741211,
        137.8000030517578,
        240.6000213623047,
        151.5
      ]
    ],
    "threshold_int_per_tile_core": [
      [
        175,
        19,
        91,
        166
      ],
      [
        92,
        138,
        241,
        152
      ]
    ],
    "actual_keep_ratio": 0.625,
    "actual_skip_ratio": 0.375,
    "per_tile_core_keep_ratio": [
      [
        0.625,
        0.625,
        0.625,
        0.625
      ],
      [
        0.625,
        0.625,
        0.625,
        0.625
      ]
    ]
  }
}
